{
  "expert_mode": "title_abstract_mesh",
  "auto_mode": "auto_mesh",
  "audit_seed": 42,
  "per_topic": [
    {
      "topic": "Statins",
      "n_folds": 5,
      "expert_mode": "title_abstract_mesh",
      "auto_mode": "auto_mesh",
      "expert_wss_per_fold": [
        0.25236794171220395,
        0.4108378870673952,
        0.05746812386156644,
        0.22322404371584698,
        0.4317518248175182
      ],
      "auto_wss_per_fold": [
        0.09936247723132965,
        0.44180327868852454,
        0.1467213114754098,
        0.22504553734061927,
        0.4518248175182481
      ],
      "diffs_per_fold": [
        0.1530054644808743,
        -0.030965391621129323,
        -0.08925318761384335,
        -0.0018214936247722968,
        -0.020072992700729875
      ],
      "expert_mean": 0.2751299642349062,
      "auto_mean": 0.27295148445082623,
      "diff_mean": 0.0021784797840798896,
      "bootstrap": {
        "mean": 0.0021784797840798896,
        "ci_lo": -0.05793080983340644,
        "ci_hi": 0.08165006381875393,
        "n_boot": 10000,
        "alpha": 0.05
      },
      "permutation": {
        "p_value": 1.0,
        "observed_mean": 0.0021784797840798896,
        "exact": true,
        "n_perms": 32
      },
      "nadeau_bengio": {
        "t_stat": 0.024087349081121326,
        "p_value": 0.9819366715268241,
        "df": 4,
        "correction_factor": 1.0,
        "se_corrected": 0.0904408275374434
      }
    },
    {
      "topic": "Opiods",
      "n_folds": 5,
      "expert_mode": "title_abstract_mesh",
      "auto_mode": "auto_mesh",
      "expert_wss_per_fold": [
        -0.019014084507042298,
        0.3612676056338028,
        0.6392655367231638,
        0.6392655367231638,
        0.21553672316384176
      ],
      "auto_wss_per_fold": [
        0.26549295774647885,
        0.3753521126760563,
        0.701412429378531,
        0.7240112994350282,
        0.13644067796610165
      ],
      "diffs_per_fold": [
        -0.28450704225352114,
        -0.014084507042253502,
        -0.062146892655367214,
        -0.0847457627118644,
        0.0790960451977401
      ],
      "expert_mean": 0.367264263547386,
      "auto_mean": 0.4405418954404392,
      "diff_mean": -0.07327763189305322,
      "bootstrap": {
        "mean": -0.07327763189305322,
        "ci_lo": -0.19047027930293625,
        "ci_hi": 0.023187713853743942,
        "n_boot": 10000,
        "alpha": 0.05
      },
      "permutation": {
        "p_value": 0.3125,
        "observed_mean": -0.07327763189305322,
        "exact": true,
        "n_perms": 32
      },
      "nadeau_bengio": {
        "t_stat": -0.5477224776739175,
        "p_value": 0.6130111632366035,
        "df": 4,
        "correction_factor": 1.0,
        "se_corrected": 0.13378605932743648
      }
    },
    {
      "topic": "ADHD",
      "n_folds": 5,
      "expert_mode": "title_abstract_mesh",
      "auto_mode": "auto_mesh",
      "expert_wss_per_fold": [
        0.5711180124223602,
        0.7326086956521739,
        0.7574534161490682,
        0.725,
        0.21874999999999994
      ],
      "auto_wss_per_fold": [
        0.6145962732919255,
        0.7326086956521739,
        0.7263975155279503,
        0.75625,
        0.44999999999999996
      ],
      "diffs_per_fold": [
        -0.0434782608695653,
        0.0,
        0.03105590062111796,
        -0.03125,
        -0.23125
      ],
      "expert_mean": 0.6009860248447205,
      "auto_mean": 0.6559704968944098,
      "diff_mean": -0.05498447204968947,
      "bootstrap": {
        "mean": -0.05498447204968947,
        "ci_lo": -0.14744565217391306,
        "ci_hi": 0.006211180124223592,
        "n_boot": 10000,
        "alpha": 0.05
      },
      "permutation": {
        "p_value": 0.25,
        "observed_mean": -0.05498447204968947,
        "exact": true,
        "n_perms": 32
      },
      "nadeau_bengio": {
        "t_stat": -0.5353744137146137,
        "p_value": 0.6207707168379542,
        "df": 4,
        "correction_factor": 1.0,
        "se_corrected": 0.10270283868851351
      }
    }
  ],
  "pooled": {
    "n_folds_pooled": 15,
    "topics_included": [
      "Statins",
      "Opiods",
      "ADHD"
    ],
    "diff_mean": -0.04202787471955427,
    "bootstrap": {
      "mean": -0.04202787471955427,
      "ci_lo": -0.09754027949885298,
      "ci_hi": 0.00775234333879781,
      "n_boot": 10000,
      "alpha": 0.05
    },
    "permutation": {
      "p_value": 0.1641845703125,
      "observed_mean": -0.04202787471955427,
      "exact": true,
      "n_perms": 32768
    }
  },
  "coverage_notes": []
}