{
  "per_topic_diffs": {
    "Statins": {
      "verdict": "DRIFT_MATERIAL",
      "max_abs_per_fold_delta": 0.26363752276867036,
      "expert_deltas": [
        0.021367941712203936,
        0.0198378870673952,
        0.04046812386156644,
        0.014224043715846985,
        0.012751824817518242
      ],
      "auto_deltas": [
        -0.26363752276867036,
        0.006803278688524539,
        0.03872131147540979,
        -0.023954462659380726,
        0.10082481751824812
      ],
      "old_gap": -0.04779999999999999,
      "new_gap": 0.0021784797840798896,
      "gap_shift": 0.04997847978407988
    },
    "Opiods": {
      "verdict": "DRIFT_MATERIAL",
      "max_abs_per_fold_delta": 0.18001408450704232,
      "expert_deltas": [
        -0.18001408450704232,
        0.0002676056338027921,
        0.00026553672316376176,
        -0.011734463276836249,
        -0.00046327683615823845
      ],
      "auto_deltas": [
        0.16649295774647885,
        -0.07564788732394373,
        -0.030587570621468996,
        0.04201129943502813,
        -0.03155932203389836
      ],
      "old_gap": -0.020800000000000006,
      "new_gap": -0.07327763189305322,
      "gap_shift": -0.05247763189305322
    },
    "ADHD": {
      "verdict": "DRIFT_MATERIAL",
      "max_abs_per_fold_delta": 0.2809999999999999,
      "expert_deltas": [
        -0.07488198757763986,
        -0.0003913043478260825,
        0.000453416149068242,
        0.0,
        -0.00025000000000005573
      ],
      "auto_deltas": [
        -0.0684037267080746,
        0.006608695652173924,
        0.00039751552795030953,
        0.006249999999999978,
        0.2809999999999999
      ],
      "old_gap": 0.005199999999999994,
      "new_gap": -0.05498447204968947,
      "gap_shift": -0.060184472049689464
    }
  },
  "pooled_diff": {
    "old_gap": -0.021133333333333334,
    "new_gap": -0.04202787471955427,
    "gap_shift": -0.020894541386220936,
    "old_ci": [
      -0.05206666666666668,
      0.009533333333333331
    ],
    "new_ci": [
      -0.09754027949885298,
      0.00775234333879781
    ],
    "old_excludes_bow_ref": true,
    "new_excludes_bow_ref": true
  },
  "overall_verdict": "DRIFT_MATERIAL_PRESENT"
}