{
  "per_fold": {
    "Statins": {
      "n": 25,
      "mean": 0.019912249212237245,
      "sd": 0.10850350596180622,
      "lo": -0.02133970191323308,
      "hi": 0.06175175833964873,
      "perm_p": 0.3645563544364556,
      "nb_t": 1.3678557335942119,
      "nb_p": 0.18402974407208217
    },
    "Opiods": {
      "n": 25,
      "mean": -0.04812986392933873,
      "sd": 0.13290324968796005,
      "lo": -0.09985699053075515,
      "hi": 0.0034347338266889427,
      "perm_p": 0.08227917720822792,
      "nb_t": -2.699247955348433,
      "nb_p": 0.012528264614894091
    },
    "ADHD": {
      "n": 25,
      "mean": 0.0034658385093167677,
      "sd": 0.1068471487397528,
      "lo": -0.03845702639751555,
      "hi": 0.04205147515527949,
      "perm_p": 0.8769612303876961,
      "nb_t": 0.24177374243728028,
      "nb_p": 0.8110093755777146
    },
    "pooled": {
      "n": 75,
      "mean": -0.008250592069261573,
      "sd": 0.11874807333427187,
      "lo": -0.03510720350249989,
      "hi": 0.018365636356409507,
      "perm_p": 0.5516944830551694,
      "nb_t": -0.8969803265958536,
      "nb_p": 0.3726383501840125
    }
  }
}